mass, w, h, p_x, p_y, v_x, v_y, a_x, a_y, texture_ID
1, 5, 5, 100, 0, 0.03471128135672417, -0.0532726851767674, 0, 0, white_mass
1, 5, 5, 0, 0, 0, 0, 0, 0, white_mass
1, 5, 5, -100, 0, -0.03471128135672417, 0.0532726851767674, 0, 0, white_mass