mass, w, h, p_x, p_y, v_x, v_y, a_x, a_y, texture_ID
1, 5, 5, -50, 0, 0.04382, 0, 0, 0, white_mass
1, 5, 5, 50, 0, -0.0707106781, -0.0707106781, 0, 0, white_mass
1, 5, 5, 0, 86.6025405, -0.0707106781, 0.0707106781, 0, 0, white_mass